n1, n2, n3, n4, n5, n6, n7, n8, n9, n10, n11, n12, n13, n14, n15, n16, n17, n18, n19, n20, n21, n22, n23, n24, n25, n26, n27, n28, n29, n30, n31, n32, n33, n34, n35, n36, n37, n38, n39, n40, n41, n42, n43, n44, n45, n46, n47, n48, n49, n50
  0,   0,   0,   0,   0,   0,   0,   0,   0,   0,   0,   9,   0,   3,   3,   0,   0,  13,   7,   0,   0,   0,   0,   0,   0,   0,   0,   0,   0,   0,   0,   0,   0,   0,   0,   0,   0,   0,   0,   0,   0,   0,   0,   0,   0,   0,   9,  11,   0,   0
  1,   1,   1,   1,   1,   1,   1,   1,   1,   1,   1,  10,   1,   4,   4,   1,   1,  14,   8,   1,   1,   1,   1,   1,   1,   1,   1,   1,   1,   1,   1,   1,   1,   1,   1,   1,   1,   1,   1,   1,   1,   1,   1,   1,   1,   1,  10,  12,   1,   1
  2,   2,   2,   2,   2,   2,   2,   2,   2,   2,   2,  11,   2,   5,   5,   2,   2,  15,   9,  10,   2,   2,   2,   2,   2,   2,   2,   2,  10,   2,   2,   2,   2,   2,   2,   2,   2,   2,   2,   2,   2,   2,   2,   2,   2,   2,  11,  13,   2,   2
  3,   3,   3,   3,   3,   3,   3,   3,   3,   3,   3,  12,   3,   6,   6,   3,   3,  16,  10,  11,   3,   3,   3,   3,   3,   3,   3,   3,  11,   3,   3,   3,  12,   3,   3,   3,   3,   3,   3,   3,   3,   3,   3,   3,   3,   3,  12,  14,   3,   3
  4,   4,   4,   4,   4,   4,   4,   4,   4,   4,   4,  13,   4,   7,   7,   4,   4,  17,  11,  12,   4,   4,   4,   4,   4,   4,   4,   4,  12,   4,   4,   4,  13,   4,   4,   4,   4,   4,   4,   4,   4,   4,   4,   4,   4,   4,  13,  15,   4,   4
  5,   5,   5,   5,   5,   5,   5,   5,   5,   5,   5,  14,   5,   8,   8,   5,   5,  18,  12,  13,   5,   5,   5,   5,   5,   5,   5,   5,  13,   5,   5,   5,  14,   5,   5,   5,   5,   5,   5,   5,   5,   5,   5,   5,   5,   5,  14,  16,   5,   5
  6,  11,   6,   6,   6,   6,   6,   6,   6,   6,   6,  15,   6,   9,   9,   6,   6,  19,  13,  14,   6,   6,   6,   6,   6,   6,   6,   6,  14,   6,   6,   6,  15,   6,   6,   6,   6,   6,   6,   6,   6,   6,   6,   6,   6,   6,  15,  17,   6,   6
  7,  12,   7,   7,   7,   7,   7,   7,   7,   7,   7,  16,   7,  10,  10,   7,   7,  20,  14,  15,   7,   7,   7,  21,   7,   7,   7,   7,  15,   7,   7,   7,  25,   7,   7,   7,   7,   7,   7,   7,   7,   7,   7,   7,   7,   7,  16,  18,   7,   7
  8,  13,   8,   8,   8,   8,   8,   8,   8,   8,   8,  17,   8,  11,  11,   8,   8,  21,  15,  16,   8,   8,   8,  22,   8,   8,   8,   8,  16,   8,   8,   8,  26,   8,   8,   8,   8,   8,   8,   8,   8,   8,   8,   8,   8,   8,  17,  19,   8,   8
  9,  14,   9,   9,   9,   9,   9,   9,   9,   9,   9,  18,   9,  12,  12,   9,   9,  22,  16,  17,   9,   9,   9,  23,   9,   9,   9,   9,  17,   9,   9,  18,  27,   9,   9,   9,   9,   9,   9,   9,   9,   9,   9,   9,   9,   9,  18,  20,   9,   9
 10,  15,  10,  10,  10,  10,  10,  10,  10,  10,  10,  19,  10,  13,  13,  10,  10,  23,  17,  18,  10,  10,  10,  24,  10,  10,  10,  10,  18,  10,  10,  19,  28,  10,  10,  10,  10,  10,  13,  10,  10,  10,  10,  10,  10,  10,  19,  21,  10,  10
 11,  16,  11,  11,  11,  11,  11,  11,  11,  11,  11,  20,  11,  14,  14,  11,  11,  24,  18,  19,  11,  11,  11,  25,  11,  11,  11,  11,  19,  11,  11,  20,  29,  11,  11,  11,  11,  11,  14,  11,  11,  11,  11,  11,  11,  11,  20,  22,  11,  11
 12,  17,  12,  12,  12,  12,  12,  12,  12,  18,  12,  21,  12,  15,  15,  12,  12,  25,  19,  20,  12,  12,  12,  26,  12,  12,  12,  12,  20,  12,  12,  21,  30,  12,  12,  12,  12,  12,  15,  12,  12,  12,  25,  12,  12,  12,  21,  23,  12,  12
 13,  18,  13,  13,  13,  13,  13,  13,  13,  19,  13,  22,  19,  16,  16,  13,  25,  26,  20,  21,  13,  13,  13,  27,  13,  13,  13,  13,  21,  13,  13,  22,  31,  13,  13,  13,  13,  13,  16,  13,  13,  13,  26,  13,  13,  13,  22,  24,  13,  13
 14,  19,  14,  14,  14,  14,  14,  14,  14,  20,  14,  23,  20,  17,  17,  14,  26,  27,  21,  22,  14,  14,  14,  28,  14,  14,  14,  14,  22,  14,  14,  23,  32,  14,  14,  14,  14,  14,  17,  14,  14,  14,  27,  14,  14,  14,  23,  25,  14,  14
 15,  20,  15,  15,  18,  15,  15,  15,  15,  21,  15,  24,  21,  18,  18,  15,  27,  28,  22,  23,  15,  15,  21,  29,  15,  15,  15,  15,  23,  15,  15,  24,  33,  15,  15,  15,  15,  15,  18,  15,  15,  15,  28,  15,  15,  28,  24,  26,  15,  15
 16,  21,  16,  16,  21,  16,  16,  16,  16,  22,  16,  25,  22,  19,  19,  16,  28,  29,  23,  24,  16,  16,  22,  30,  16,  16,  16,  16,  24,  16,  16,  25,  34,  16,  16,  16,  16,  16,  19,  16,  16,  16,  29,  16,  16,  29,  25,  27,  16,  16
 17,  22,  17,  17,  22,  17,  17,  17,  17,  23,  17,  26,  23,  20,  20,  17,  29,  30,  24,  25,  17,  17,  23,  31,  17,  17,  17,  17,  25,  17,  17,  26,  35,  17,  17,  17,  17,  17,  20,  17,  17,  17,  30,  17,  17,  30,  26,  28,  17,  17
 18,  23,  18,  18,  23,  18,  18,  18,  18,  24,  18,  27,  24,  21,  21,  18,  30,  31,  25,  26,  18,  18,  24,  32,  18,  18,  18,  18,  26,  18,  18,  27,  36,  18,  18,  18,  18,  18,  21,  18,  18,  30,  31,  18,  18,  31,  27,  29,  18,  18
 19,  24,  19,  19,  24,  19,  19,  19,  19,  25,  19,  28,  25,  22,  22,  19,  31,  32,  26,  27,  19,  19,  25,  33,  19,  19,  19,  19,  27,  19,  19,  28,  37,  19,  19,  19,  19,  19,  22,  19,  19,  31,  32,  19,  24,  32,  28,  30,  19,  19
 20,  25,  20,  20,  25,  20,  20,  20,  20,  26,  20,  29,  26,  23,  23,  20,  32,  33,  27,  28,  20,  20,  26,  34,  20,  20,  20,  20,  28,  20,  20,  29,  38,  20,  20,  20,  20,  20,  23,  20,  20,  32,  33,  20,  25,  33,  29,  31,  20,  20
 21,  26,  21,  21,  26,  21,  21,  21,  21,  27,  21,  30,  27,  24,  24,  21,  33,  34,  28,  29,  21,  21,  27,  35,  21,  21,  21,  21,  29,  21,  21,  30,  39,  21,  21,  21,  21,  21,  24,  21,  30,  33,  34,  21,  26,  34,  30,  32,  21,  21
 22,  27,  22,  22,  27,  22,  22,  22,  22,  28,  22,  31,  28,  25,  25,  22,  34,  35,  29,  30,  22,  22,  28,  36,  22,  22,  42,  22,  30,  22,  22,  31,  40,  22,  22,  22,  22,  22,  25,  22,  31,  34,  35,  22,  27,  35,  31,  33,  22,  22
 23,  28,  23,  23,  28,  23,  23,  23,  23,  29,  23,  32,  29,  26,  26,  23,  35,  36,  30,  31,  23,  23,  29,  37,  23,  23,  43,  23,  31,  23,  23,  32,  41,  23,  23,  23,  23,  23,  26,  23,  32,  35,  36,  23,  28,  36,  32,  34,  23,  23
 24,  29,  24,  24,  29,  24,  24,  24,  24,  30,  24,  33,  30,  27,  27,  24,  36,  37,  31,  32,  24,  24,  30,  38,  41,  24,  44,  24,  32,  24,  24,  33,  42,  24,  24,  34,  24,  24,  27,  24,  33,  36,  37,  24,  29,  37,  33,  35,  24,  24
 25,  30,  25,  25,  30,  25,  25,  25,  25,  31,  25,  34,  31,  28,  28,  25,  37,  38,  32,  33,  25,  25,  31,  39,  42,  25,  45,  25,  33,  25,  25,  34,  43,  25,  25,  35,  25,  25,  28,  25,  34,  37,  38,  25,  30,  38,  34,  36,  25,  25
 26,  31,  26,  32,  31,  26,  26,  26,  26,  32,  26,  35,  32,  29,  29,  26,  38,  39,  33,  34,  26,  26,  32,  40,  43,  26,  46,  26,  34,  26,  26,  35,  44,  26,  26,  36,  26,  26,  29,  26,  35,  38,  39,  26,  31,  39,  35,  37,  26,  26
 27,  32,  27,  33,  32,  34,  27,  27,  27,  33,  27,  36,  33,  30,  30,  27,  39,  40,  46,  35,  27,  27,  33,  41,  44,  27,  47,  27,  35,  27,  27,  36,  45,  27,  27,  37,  27,  27,  30,  27,  36,  39,  40,  27,  32,  40,  36,  38,  27,  27
 28,  33,  28,  34,  33,  35,  28,  28,  28,  34,  28,  37,  34,  34,  31,  28,  40,  41,  47,  36,  28,  28,  34,  42,  45,  28,  48,  28,  36,  28,  28,  37,  46,  28,  28,  38,  28,  28,  31,  28,  37,  40,  41,  28,  33,  41,  37,  39,  28,  28
 29,  34,  29,  35,  34,  36,  29,  29,  29,  35,  29,  38,  35,  35,  32,  29,  41,  42,  48,  37,  29,  29,  35,  43,  46,  29,  49,  29,  37,  29,  29,  38,  47,  29,  29,  39,  29,  29,  32,  29,  38,  41,  42,  29,  34,  42,  38,  40,  29,  29
 30,  35,  30,  36,  35,  37,  30,  30,  30,  36,  30,  39,  36,  36,  33,  30,  42,  43,  49,  38,  42,  30,  36,  44,  47,  30,  50,  30,  38,  30,  30,  39,  48,  30,  30,  40,  30,  30,  33,  30,  39,  42,  43,  30,  35,  43,  39,  41,  30,  30
 31,  36,  31,  37,  36,  38,  31,  31,  31,  37,  31,  40,  37,  37,  34,  48,  43,  44,  50,  39,  43,  31,  37,  45,  48,  31,  51,  46,  39,  31,  31,  40,  49,  31,  31,  41,  31,  31,  34,  31,  40,  43,  44,  44,  36,  44,  40,  42,  31,  31
 32,  37,  32,  38,  37,  39,  32,  32,  32,  38,  32,  41,  38,  38,  35,  49,  44,  45,  51,  40,  44,  32,  38,  46,  49,  32,  52,  47,  40,  40,  32,  41,  50,  32,  32,  42,  32,  32,  35,  32,  41,  44,  45,  45,  37,  45,  41,  43,  32,  32
 33,  38,  33,  39,  38,  40,  33,  33,  33,  39,  44,  42,  39,  39,  36,  50,  45,  46,  52,  41,  45,  33,  39,  47,  50,  33,  53,  48,  41,  41,  33,  42,  51,  33,  33,  43,  33,  33,  36,  33,  42,  45,  46,  46,  38,  46,  42,  49,  33,  33
 34,  39,  34,  40,  39,  41,  34,  34,  34,  40,  45,  43,  40,  40,  37,  51,  46,  47,  53,  42,  46,  34,  40,  48,  51,  34,  54,  49,  42,  42,  34,  43,  52,  34,  34,  44,  34,  34,  37,  34,  43,  46,  47,  47,  39,  47,  43,  50,  34,  34
 35,  40,  35,  41,  40,  42,  35,  35,  35,  41,  46,  44,  41,  41,  38,  52,  47,  48,  54,  43,  47,  35,  41,  49,  52,  35,  55,  50,  43,  43,  35,  44,  53,  35,  35,  45,  39,  35,  38,  35,  44,  47,  48,  48,  40,  48,  44,  51,  35,  35
 36,  41,  36,  42,  41,  43,  36,  36,  36,  42,  47,  45,  42,  42,  39,  53,  48,  49,  55,  44,  48,  36,  42,  50,  53,  36,  56,  51,  44,  44,  36,  45,  54,  36,  36,  46,  40,  36,  39,  36,  45,  48,  49,  49,  41,  49,  45,  52,  36,  36
 48,  42,  37,  43,  45,  44,  37,  37,  37,  43,  48,  46,  43,  43,  40,  54,  49,  50,  56,  45,  49,  37,  43,  51,  54,  37,  57,  52,  45,  45,  37,  46,  55,  37,  37,  47,  41,  37,  40,  37,  46,  49,  50,  50,  42,  50,  46,  53,  37,  37
 49,  43,  42,  44,  46,  45,  38,  47,  38,  44,  49,  47,  44,  44,  41,  55,  50,  51,  57,  46,  50,  38,  44,  52,  55,  38,  58,  53,  46,  46,  38,  47,  56,  38,  38,  48,  42,  38,  41,  38,  47,  50,  51,  51,  43,  51,  54,  54,  38,  38
 50,  44,  43,  45,  47,  46,  39,  48,  39,  45,  50,  48,  45,  45,  42,  56,  51,  52,  58,  47,  51,  39,  45,  53,  56,  39,  59,  54,  47,  47,  39,  48,  57,  39,  39,  49,  43,  39,  42,  39,  48,  51,  52,  52,  44,  52,  55,  55,  39,  39
 51,  45,  44,  46,  48,  47,  40,  49,  40,  46,  51,  49,  46,  46,  43,  57,  52,  53,  59,  48,  52,  40,  46,  54,  57,  51,  60,  55,  48,  48,  40,  49,  58,  40,  40,  50,  44,  40,  43,  40,  49,  52,  53,  53,  45,  53,  56,  56,  40,  40
 52,  46,  45,  47,  49,  48,  41,  50,  41,  47,  52,  50,  47,  47,  44,  58,  53,  54,  60,  49,  53,  41,  47,  55,  58,  52,  61,  56,  49,  49,  41,  50,  59,  41,  41,  51,  45,  50,  44,  41,  50,  53,  54,  54,  46,  54,  57,  57,  41,  41
 53,  47,  46,  48,  50,  49,  42,  51,  42,  48,  53,  51,  48,  48,  45,  59,  54,  55,  61,  50,  54,  42,  52,  56,  59,  53,  62,  57,  50,  50,  42,  51,  60,  42,  42,  52,  46,  51,  45,  42,  51,  54,  55,  55,  47,  55,  58,  58,  42,  42
 54,  62,  47,  49,  51,  50,  43,  52,  43,  49,  54,  52,  49,  49,  46,  60,  55,  56,  62,  51,  55,  43,  53,  57,  60,  54,  63,  58,  51,  51,  43,  52,  61,  43,  43,  53,  47,  52,  46,  43,  52,  55,  56,  56,  48,  56,  59,  59,  43,  43
 55,  63,  48,  50,  52,  51,  44,  53,  44,  50,  55,  53,  50,  50,  47,  61,  56,  57,  63,  52,  56,  44,  54,  58,  61,  55,  64,  59,  52,  52,  44,  53,  62,  47,  53,  54,  48,  53,  47,  44,  53,  56,  57,  57,  49,  57,  60,  60,  44,  44
 56,  64,  49,  51,  53,  52,  45,  54,  45,  56,  56,  54,  51,  51,  48,  62,  57,  58,  64,  53,  57,  45,  55,  59,  62,  56,  65,  60,  53,  53,  45,  54,  63,  56,  54,  55,  49,  54,  48,  45,  54,  57,  58,  58,  50,  58,  61,  61,  45,  45
 57,  65,  50,  52,  54,  53,  46,  55,  46,  57,  57,  55,  52,  52,  49,  63,  58,  59,  65,  54,  58,  46,  56,  60,  63,  57,  66,  61,  54,  54,  46,  55,  64,  57,  55,  56,  50,  55,  49,  46,  55,  58,  59,  59,  51,  59,  62,  62,  46,  48
 58,  66,  51,  53,  55,  54,  47,  56,  47,  58,  58,  56,  53,  53,  50,  64,  59,  60,  66,  55,  59,  47,  57,  61,  64,  58,  67,  62,  55,  55,  47,  56,  65,  58,  56,  57,  51,  56,  50,  56,  56,  59,  60,  60,  52,  60,  63,  63,  47,  49
 59,  67,  52,  54,  56,  55,  48,  57,  48,  59,  59,  57,  54,  54,  51,  65,  60,  61,  67,  56,  60,  48,  58,  62,  65,  59,  68,  63,  56,  56,  48,  57,  66,  59,  57,  58,  52,  57,  51,  57,  57,  60,  61,  61,  53,  61,  64,  64,  48,  50
 60,  68,  53,  55,  57,  56,  49,  58,  49,  60,  60,  58,  55,  55,  52,  66,  71,  62,  68,  57,  61,  49,  59,  63,  66,  60,  69,  64,  57,  57,  49,  58,  67,  60,  58,  59,  53,  58,  52,  58,  58,  61,  62,  62,  54,  62,  65,  65,  49,  51
 61,  69,  54,  56,  58,  57,  50,  59,  50,  61,  61,  59,  56,  56,  53,  67,  72,  63,  69,  58,  62,  50,  60,  64,  67,  61,  70,  65,  58,  58,  50,  59,  68,  61,  59,  60,  54,  59,  53,  59,  75,  62,  63,  63,  55,  63,  66,  66,  50,  52
 62,  70,  55,  57,  59,  58,  60,  60,  51,  62,  62,  60,  57,  57,  54,  68,  73,  64,  70,  59,  63,  51,  61,  65,  68,  62,  71,  66,  59,  59,  51,  60,  69,  62,  60,  61,  55,  60,  54,  60,  78,  63,  64,  64,  56,  64,  67,  67,  51,  53
 63,  71,  56,  58,  60,  59,  61,  61,  52,  63,  63,  61,  58,  58,  55,  69,  74,  65,  71,  60,  64,  52,  62,  66,  69,  63,  72,  67,  60,  60,  52,  61,  70,  63,  61,  62,  56,  61,  55,  61,  79,  64,  65,  65,  57,  65,  68,  68,  52,  54
 64,  72,  57,  59,  61,  60,  62,  62,  53,  64,  64,  62,  59,  59,  56,  70,  75,  66,  72,  61,  65,  53,  63,  67,  70,  64,  73,  68,  61,  61,  53,  62,  71,  64,  62,  63,  57,  62,  56,  62,  80,  65,  66,  66,  58,  66,  69,  69,  53,  55
 65,  73,  58,  60,  62,  61,  63,  63,  54,  65,  65,  63,  60,  60,  57,  71,  76,  67,  73,  62,  66,  54,  64,  68,  71,  65,  74,  69,  62,  62,  54,  63,  72,  65,  63,  64,  58,  63,  57,  63,  81,  66,  67,  67,  59,  67,  70,  70,  54,  56
 66,  74,  59,  61,  63,  62,  64,  64,  55,  66,  66,  64,  61,  61,  58,  72,  77,  68,  74,  63,  67,  55,  65,  69,  72,  66,  75,  70,  63,  63,  55,  64,  73,  66,  64,  65,  59,  64,  58,  64,  82,  67,  68,  68,  60,  80,  71,  71,  55,  57
 67,  75,  60,  62,  64,  63,  65,  65,  56,  67,  67,  65,  62,  62,  59,  73,  78,  69,  75,  64,  68,  56,  66,  70,  73,  67,  76,  71,  64,  64,  56,  65,  74,  67,  65,  66,  60,  65,  59,  65,  83,  68,  69,  69,  61,  81,  72,  72,  61,  58
 68,  76,  61,  63,  65,  64,  66,  66,  57,  68,  68,  66,  63,  63,  62,  74,  79,  70,  76,  65,  69,  57,  67,  71,  74,  68,  77,  72,  65,  65,  57,  66,  75,  68,  66,  67,  61,  66,  60,  66,  84,  69,  70,  70,  62,  82,  73,  73,  62,  59
 69,  77,  62,  64,  66,  65,  67,  67,  63,  69,  69,  67,  64,  64,  63,  75,  80,  71,  77,  66,  70,  58,  68,  72,  75,  69,  78,  73,  66,  66,  58,  67,  76,  69,  67,  68,  62,  67,  61,  67,  85,  70,  71,  71,  63,  83,  74,  74,  63,  60
 70,  78,  63,  65,  67,  66,  68,  68,  64,  70,  70,  68,  65,  65,  64,  76,  81,  72,  78,  67,  71,  59,  69,  73,  76,  70,  79,  74,  67,  67,  59,  68,  86,  70,  68,  69,  68,  68,  62,  68,  86,  71,  72,  72,  64,  84,  75,  75,  64,  61
 71,  79,  64,  66,  68,  67,  69,  69,  65,  71,  71,  69,  66,  66,  65,  77,  82,  73,  79,  68,  72,  60,  74,  74,  77,  71,  80,  75,  68,  68,  60,  69,  87,  71,  69,  70,  69,  69,  63,  69,  87,  72,  73,  73,  65,  85,  76,  76,  65,  62
 72,  80,  65,  67,  69,  68,  70,  70,  66,  72,  72,  70,  77,  67,  66,  78,  83,  74,  80,  69,  73,  61,  75,  75,  78,  72,  81,  76,  69,  69,  61,  70,  88,  72,  70,  71,  70,  70,  64,  70,  88,  73,  74,  74,  66,  86,  77,  77,  66,  63
 73,  81,  66,  83,  70,  69,  71,  71,  67,  73,  73,  71,  78,  68,  67,  79,  84,  75,  81,  70,  74,  62,  76,  76,  79,  73,  82,  77,  70,  70,  62,  71,  89,  73,  71,  72,  71,  71,  65,  71,  89,  74,  75,  75,  67,  87,  78,  78,  67,  64
 74,  82,  67,  84,  71,  70,  72,  72,  68,  74,  74,  72,  79,  69,  68,  80,  85,  76,  82,  71,  75,  63,  77,  77,  80,  74,  83,  78,  71,  71,  63,  80,  90,  74,  72,  73,  72,  72,  66,  72,  90,  75,  76,  76,  68,  88,  79,  79,  68,  65
 75,  83,  68,  85,  72,  71,  73,  73,  69,  75,  75,  73,  80,  70,  69,  81,  86,  77,  83,  72,  76,  64,  78,  78,  81,  75,  84,  79,  72,  72,  64,  81,  91,  75,  73,  74,  73,  73,  67,  73,  91,  76,  77,  77,  69,  89,  80,  80,  69,  66
 76,  84,  69,  86,  73,  72,  74,  74,  70,  76,  76,  74,  81,  71,  70,  82,  87,  78,  84,  73,  77,  65,  79,  79,  82,  76,  85,  80,  73,  73,  65,  82,  92,  76,  74,  75,  74,  83,  68,  74,  92,  77,  78,  78,  70,  90,  81,  81,  70,  67
 77,  85,  70,  87,  74,  73,  75,  75,  71,  77,  77,  75,  82,  72,  71,  83,  88,  79,  85,  74,  78,  66,  80,  80,  83,  77,  86,  81,  74,  74,  66,  83,  93,  77,  75,  76,  75,  84,  69,  75,  93,  78,  79,  79,  71,  91,  82,  82,  73,  68
 78,  86,  71,  88,  75,  74,  76,  76,  72,  78,  78,  76,  83,  73,  72,  84,  89,  80,  86,  75,  79,  80,  81,  81,  84,  78,  87,  82,  75,  75,  67,  84,  94,  78,  76,  77,  76,  85,  70,  76,  94,  79,  80,  80,  72,  92,  83,  83,  74,  69
 79,  87,  72,  89,  76,  75,  77,  77,  73,  79,  79,  77,  84,  74,  73,  85,  90,  81,  87,  76,  80,  81,  82,  82,  85,  79,  88,  83,  76,  76,  68,  85,  95,  79,  77,  82,  77,  86,  71,  77,  95,  80,  81,  81,  73,  93,  84,  84,  75,  70
 80,  88,  73,  90,  77,  76,  78,  78,  74,  80,  80,  78,  85,  75,  74,  86,  91,  82,  88,  77,  81,  82,  83,  83,  86,  80,  89,  84,  77,  77,  69,  86,  96,  80,  78,  83,  78,  87,  72,  78,  96,  81,  82,  82,  74,  94,  85,  85,  76,  71
 81,  89,  74,  91,  78,  77,  79,  79,  75,  81,  81,  79,  86,  76,  75,  87,  92,  83,  89,  78,  82,  83,  84,  84,  87,  81,  90,  85,  78,  78,  70,  87,  97,  81,  79,  84,  79,  88,  73,  79,  97,  82,  83,  83,  89,  95,  86,  86,  77,  72
 82,  90,  75,  92,  79,  78,  80,  80,  76,  82,  82,  80,  87,  77,  76,  88,  93,  84,  90,  79,  83,  84,  85,  85,  88,  82,  91,  86,  79,  79,  71,  88,  98,  82,  80,  85,  80,  89,  95,  80,  98,  83,  84,  84,  90,  96,  87,  87,  78,  73
 83,  91,  76,  93,  80,  79,  81,  81,  77,  83,  83,  81,  88,  78,  77,  89,  94,  85,  91,  80,  84,  85,  86,  86,  89,  83,  92,  87,  80,  80,  72,  89,  99,  83,  81,  86,  81,  90,  96,  81,  99,  84,  85,  85,  91,  97,  88,  88,  79,  74
 84,  92,  77,  94,  81,  80,  82,  82,  78,  84,  84,  82,  89,  79,  78,  90,  95,  86,  92,  81,  85,  86,  87,  87,  90,  84,  93,  88,  81,  81,  73,  90, 100,  84,  82,  87,  82,  91,  97,  82, 100,  85,  86,  86,  92,  98,  89,  89,  80,  75
 85,  93,  78,  95,  82,  81,  83,  83,  79,  85,  85,  83,  90,  80,  79,  91,  96,  87,  93,  82,  86,  87,  88,  88,  91,  85,  94,  89,  82,  82,  74,  91, 101,  85,  83,  88,  83,  92,  98,  83, 101,  86,  87,  87,  93,  99,  90,  90,  81,  76
 86,  94,  79,  96,  83,  82,  84,  84,  80,  86,  86,  84,  91,  81,  80,  92,  97,  88,  94,  83,  87,  88,  89,  89,  92,  86,  95,  90,  94,  83,  75,  92, 102,  86,  84,  89,  84,  93,  99,  84, 102,  87,  88,  88,  94, 100,  91,  91,  82,  77
 87,  95,  80,  97,  84,  83,  85,  85,  81,  87,  87,  85,  92,  82,  81,  93,  98,  89,  95,  84,  88,  89,  90,  90,  93,  87,  96,  91,  95,  84,  76,  93, 103,  87,  85,  90,  85,  94, 100,  85, 103,  88, 109,  89,  95, 101,  92,  92,  83,  78
 88,  96,  81,  98,  85,  84,  86,  86,  82,  88,  92,  86,  93, 100,  82,  94,  99,  90,  96,  85,  89,  90,  91,  91,  94,  88,  97,  92,  96,  85,  77,  94, 104,  88,  86,  91,  86,  95, 101,  86, 104,  89, 110,  90,  96, 102,  93,  93,  84,  79
 89,  97,  82,  99,  86,  85,  87,  87,  83,  89,  93,  87,  94, 101,  83,  95, 100,  91,  97,  86,  90,  91,  92,  92,  95,  89,  98,  93,  97,  86,  92,  95, 105,  89,  87,  92,  87,  96, 102,  87, 105,  90, 111,  91,  97, 103,  94,  94,  85,  80
 90,  98,  83, 100,  87,  86,  88,  88,  84,  90,  94,  88,  95, 102,  84,  96, 101,  92,  98,  87,  91,  92,  93, 106, 103,  90,  99,  94,  98,  87,  93,  96, 106,  90,  88,  93,  88,  97, 103,  88, 106,  91, 112,  92,  98, 104,  95,  95,  86,  81
 91,  99,  84, 101,  88,  87,  89,  89,  85,  91,  95,  89,  96, 103,  85,  97, 102,  93,  99,  88,  92,  93,  97, 107, 104,  91, 100,  95,  99,  88,  94,  97, 107,  97,  89,  94,  89,  98, 104,  89, 107,  92, 113,  93,  99, 105,  96, 101,  87,  82
 92, 100,  85, 102,  89,  88,  90,  90,  86,  92,  96,  90,  97, 104,  86,  98, 103,  94, 100,  89,  93,  94,  98, 108, 105,  92, 101,  96, 100,  89,  95,  98, 108,  98,  90,  95,  90,  99, 105,  90, 108,  93, 114,  94, 100, 106,  97, 102,  88,  83
 93, 101,  86, 103,  90,  89,  91,  91,  87,  93,  97,  91,  98, 105,  87,  99, 104,  95, 101,  90,  94,  95,  99, 109, 106,  93, 102,  97, 101,  90,  96,  99, 109,  99,  91,  96,  91, 100, 106,  91, 109,  94, 115,  95, 101, 107,  98, 103,  89,  84
 94, 102,  98, 104,  91,  90,  92,  92,  88,  94,  98,  92,  99, 106,  88, 100, 105,  96, 102,  91,  95,  96, 100, 110, 107,  94, 103,  98, 102,  91,  97, 100, 110, 100,  92,  97,  92, 101, 107,  92, 110,  95, 116,  96, 102, 108,  99, 104,  90,  85
 95, 103,  99, 105,  92, 107,  93,  93,  89,  95,  99,  93, 100, 107,  89, 101, 106,  97, 103,  92,  96,  97, 101, 111, 108,  95, 104,  99, 103,  92,  98, 101, 111, 101,  93,  98,  93, 102, 108,  93, 111,  96, 117,  97, 103, 109, 100, 105,  91,  86
 96, 104, 100, 106,  93, 108,  94,  94,  90,  96, 100,  94, 101, 108,  90, 102, 107,  98, 104,  95,  97,  98, 102, 112, 109,  96, 105, 100, 104,  93,  99, 102, 112, 102,  94,  99,  94, 103, 109,  94, 112,  97, 118,  98, 104, 110, 101, 106,  92,  87
 97, 105, 101, 107,  94, 109,  95,  95,  91,  97, 101,  95, 102, 109,  91, 103, 108,  99, 105,  96,  98,  99, 103, 113, 110,  97, 106, 101, 105,  94, 100, 103, 113, 103,  95, 100,  95, 104, 110,  95, 113,  98, 119,  99, 105, 111, 102, 107,  93,  88
 98, 106, 102, 108,  95, 110,  96,  96,  92,  98, 102,  96, 103, 110,  92, 104, 109, 100, 106,  97,  99, 100, 104, 114, 111,  98, 107, 102, 106,  95, 101, 104, 114, 104,  96, 101,  96, 105, 111,  96, 114,  99, 120, 100, 106, 112, 103, 108,  94,  89
 99, 107, 103, 109,  96, 111,  97,  97,  93,  99, 103,  97, 104, 111,  93, 105, 110, 101, 107,  98, 100, 101, 105, 115, 112,  99, 108, 103, 107,  96, 102, 105, 115, 105,  97, 102,  97, 106, 112,  97, 115, 100, 121, 101, 107, 113, 104, 109,  95,  90
100, 108, 104, 110,  97, 112,  98,  98,  94, 105, 104,  98, 105, 112,  94, 106, 111, 102, 108,  99, 101, 102, 106, 116, 113, 100, 109, 104, 108,  97, 103, 106, 116, 106,  98, 103,  98, 107, 113,  98, 116, 101, 122, 102, 108, 114, 105, 110,  96,  98
101, 109, 105, 111,  98, 113,  99,  99,  95, 106, 105,  99, 106, 113,  95, 107, 112, 103, 109, 100, 102, 103, 107, 117, 114, 105, 110, 105, 109,  98, 104, 107, 117, 107,  99, 104,  99, 108, 114,  99, 117, 102, 123, 103, 109, 115, 106, 111,  97, 101
102, 110, 106, 112,  99, 114, 100, 100,  96, 107, 106, 100, 107, 114,  96, 108, 116, 104, 110, 101, 103, 104, 108, 118, 115, 106, 120, 106, 110, 108, 105, 108, 118, 108, 100, 105, 100, 109, 115, 100, 118, 103, 124, 104, 110, 116, 107, 112,  98, 102
103, 111, 107, 113, 100, 115, 101, 101,  97, 108, 107, 101, 108, 115,  97, 109, 117, 105, 111, 102, 108, 105, 109, 119, 116, 107, 121, 107, 111, 118, 106, 109, 119, 109, 101, 106, 101, 110, 116, 101, 119, 113, 125, 105, 111, 117, 108, 113,  99, 103
104, 112, 108, 114, 101, 116, 102, 102,  98, 109, 108, 102, 109, 116,  98, 110, 118, 106, 112, 103, 113, 106, 110, 120, 117, 108, 122, 108, 112, 119, 107, 110, 120, 110, 102, 107, 102, 111, 117, 102, 120, 114, 126, 106, 112, 118, 109, 114, 100, 104
105, 113, 109, 115, 102, 117, 103, 103,  99, 110, 109, 103, 110, 117,  99, 111, 119, 107, 113, 104, 114, 107, 111, 121, 118, 109, 123, 109, 113, 120, 108, 111, 121, 111, 103, 108, 103, 112, 118, 103, 121, 115, 127, 107, 113, 119, 110, 115, 101, 105
106, 114, 110, 116, 103, 118, 104, 104, 100, 111, 110, 104, 111, 118, 100, 112, 120, 108, 114, 105, 115, 108, 112, 122, 119, 110, 124, 110, 114, 121, 109, 112, 122, 112, 104, 109, 104, 113, 119, 104, 122, 116, 128, 108, 114, 120, 111, 116, 102, 106
107, 115, 111, 117, 104, 119, 105, 105, 101, 112, 111, 105, 112, 119, 101, 120, 121, 109, 115, 106, 116, 109, 113, 123, 120, 111, 125, 111, 115, 122, 110, 113, 123, 113, 105, 110, 105, 114, 120, 107, 123, 117, 129, 109, 115, 121, 112, 117, 103, 107
116, 116, 112, 118, 105, 120, 106, 106, 102, 113, 112, 106, 113, 120, 102, 121, 122, 110, 116, 107, 117, 110, 114, 124, 121, 112, 126, 118, 116, 123, 111, 114, 124, 114, 106, 111, 106, 115, 121, 117, 124, 118, 130, 110, 116, 122, 113, 118, 104, 108
117, 117, 113, 119, 106, 121, 107, 110, 103, 114, 113, 107, 114, 121, 110, 122, 123, 111, 117, 108, 118, 111, 115, 125, 122, 113, 127, 119, 117, 124, 112, 115, 125, 115, 107, 121, 107, 116, 122, 118, 125, 119, 131, 111, 117, 123, 114, 119, 105, 109
118, 118, 114, 120, 107, 122, 108, 125, 104, 115, 114, 108, 115, 122, 111, 123, 124, 112, 118, 109, 119, 112, 116, 126, 123, 114, 128, 120, 118, 125, 113, 116, 126, 116, 108, 122, 108, 117, 123, 119, 126, 120, 132, 112, 118, 124, 115, 120, 106, 110
119, 119, 115, 121, 108, 123, 109, 126, 105, 116, 115, 109, 116, 123, 112, 124, 125, 113, 119, 110, 120, 113, 117, 127, 124, 115, 129, 121, 119, 126, 114, 117, 127, 117, 120, 123, 109, 118, 124, 120, 127, 121, 133, 113, 119, 125, 116, 121, 107, 111
120, 120, 116, 122, 109, 124, 110, 127, 106, 117, 116, 110, 117, 124, 113, 125, 126, 114, 120, 111, 121, 114, 118, 128, 125, 116, 130, 122, 120, 127, 115, 118, 128, 118, 121, 124, 110, 119, 125, 121, 128, 122, 134, 114, 120, 126, 117, 122, 115, 112
121, 121, 117, 123, 110, 125, 123, 128, 107, 118, 117, 111, 118, 125, 114, 126, 127, 115, 121, 112, 122, 115, 119, 129, 126, 117, 131, 123, 121, 128, 116, 119, 129, 119, 122, 125, 111, 120, 126, 122, 129, 123, 135, 115, 121, 127, 118, 123, 120, 113
122, 122, 118, 124, 111, 126, 124, 129, 108, 119, 118, 112, 119, 126, 115, 127, 128, 116, 122, 113, 123, 116, 120, 130, 127, 118, 132, 124, 122, 129, 117, 120, 130, 120, 123, 126, 112, 121, 127, 123, 130, 124, 136, 116, 122, 128, 119, 124, 121, 114
123, 123, 119, 125, 112, 127, 125, 130, 109, 120, 119, 113, 120, 127, 116, 128, 129, 117, 123, 114, 124, 117, 121, 131, 128, 119, 133, 125, 123, 130, 118, 121, 131, 121, 124, 127, 113, 122, 128, 124, 131, 125, 137, 117, 123, 129, 120, 125, 122, 115
124, 142, 120, 126, 113, 128, 126, 131, 110, 121, 120, 114, 121, 128, 117, 129, 130, 118, 124, 115, 125, 118, 122, 132, 129, 120, 134, 126, 124, 131, 119, 122, 132, 122, 125, 128, 114, 123, 129, 125, 132, 126, 138, 124, 124, 130, 121, 126, 123, 116
125, 143, 121, 127, 114, 129, 127, 132, 111, 122, 121, 115, 122, 129, 118, 130, 131, 119, 125, 116, 126, 128, 123, 133, 130, 121, 135, 127, 125, 132, 120, 123, 133, 123, 126, 129, 115, 124, 130, 126, 133, 127, 139, 125, 125, 131, 122, 127, 124, 117
126, 144, 122, 128, 115, 130, 128, 133, 112, 123, 122, 116, 123, 130, 119, 131, 132, 134, 126, 117, 127, 129, 124, 134, 131, 122, 136, 128, 126, 133, 121, 124, 134, 124, 127, 130, 116, 125, 131, 127, 134, 128, 140, 126, 126, 132, 123, 128, 125, 118
127, 145, 123, 129, 116, 131, 129, 134, 113, 124, 123, 117, 124, 131, 120, 132, 133, 135, 127, 118, 128, 130, 125, 135, 132, 123, 137, 129, 127, 134, 122, 125, 135, 125, 128, 131, 134, 126, 132, 128, 135, 129, 141, 127, 127, 133, 124, 129, 126, 119
128, 146, 124, 130, 117, 132, 130, 135, 136, 125, 124, 118, 135, 132, 121, 133, 134, 136, 128, 119, 129, 131, 126, 136, 133, 124, 138, 130, 128, 135, 123, 126, 136, 126, 129, 132, 135, 127, 133, 129, 145, 130, 142, 128, 128, 134, 125, 130, 127, 120
129, 147, 125, 131, 133, 133, 131, 136, 137, 126, 125, 119, 136, 133, 122, 134, 135, 137, 129, 120, 133, 132, 127, 137, 134, 125, 139, 131, 129, 136, 124, 127, 137, 127, 130, 133, 136, 128, 134, 130, 146, 131, 143, 129, 129, 135, 126, 131, 128, 121
130, 148, 126, 132, 134, 134, 132, 137, 138, 127, 126, 120, 137, 134, 123, 135, 136, 138, 130, 121, 134, 133, 128, 138, 135, 126, 140, 132, 130, 137, 125, 128, 138, 128, 131, 134, 137, 140, 135, 131, 147, 132, 144, 130, 130, 136, 127, 132, 129, 122
131, 149, 127, 133, 135, 135, 133, 138, 139, 128, 127, 121, 138, 135, 124, 136, 137, 139, 131, 122, 135, 134, 141, 139, 136, 127, 141, 133, 131, 138, 126, 129, 139, 129, 132, 135, 138, 141, 136, 132, 148, 133, 145, 131, 131, 137, 128, 133, 130, 123
132, 150, 128, 134, 136, 136, 134, 139, 140, 129, 128, 122, 139, 136, 125, 137, 138, 140, 138, 123, 136, 135, 142, 140, 137, 137, 142, 134, 132, 139, 127, 130, 140, 130, 133, 136, 139, 142, 137, 133, 149, 134, 146, 132, 132, 138, 129, 134, 139, 124
133, 151, 129, 135, 137, 137, 135, 140, 141, 130, 129, 123, 140, 137, 126, 138, 139, 141, 160, 124, 137, 136, 143, 141, 138, 138, 143, 135, 133, 140, 128, 131, 141, 131, 134, 137, 140, 143, 138, 134, 150, 135, 147, 133, 133, 139, 130, 135, 140, 125
134, 152, 130, 136, 138, 138, 136, 141, 142, 131, 130, 124, 141, 138, 127, 139, 140, 142, 161, 125, 138, 137, 144, 142, 139, 139, 144, 136, 142, 141, 129, 132, 142, 132, 135, 138, 141, 144, 139, 135, 151, 136, 148, 134, 134, 148, 131, 136, 141, 126
135, 153, 131, 137, 139, 139, 137, 142, 143, 132, 131, 125, 142, 139, 128, 140, 141, 143, 162, 126, 139, 138, 145, 143, 140, 140, 145, 137, 143, 142, 130, 133, 143, 133, 136, 139, 142, 145, 140, 136, 152, 137, 149, 144, 135, 149, 132, 137, 142, 127
136, 154, 132, 138, 140, 140, 138, 143, 144, 133, 132, 141, 143, 140, 129, 141, 142, 144, 163, 127, 140, 139, 146, 144, 141, 141, 146, 138, 144, 143, 131, 134, 144, 134, 137, 140, 143, 146, 141, 137, 153, 138, 150, 145, 136, 150, 133, 138, 143, 128
137, 155, 133, 139, 141, 149, 139, 144, 145, 134, 133, 142, 144, 141, 130, 142, 143, 145, 164, 128, 141, 140, 147, 145, 142, 142, 147, 139, 145, 144, 132, 135, 145, 135, 138, 141, 144, 147, 142, 138, 154, 142, 151, 146, 137, 151, 134, 139, 144, 129
138, 156, 134, 140, 142, 150, 140, 145, 146, 135, 134, 143, 145, 142, 131, 143, 144, 146, 165, 129, 142, 141, 148, 146, 143, 143, 148, 140, 146, 145, 133, 136, 146, 136, 139, 142, 145, 148, 143, 139, 155, 143, 152, 147, 138, 152, 135, 140, 145, 136
139, 157, 135, 141, 143, 151, 141, 146, 147, 136, 135, 144, 146, 143, 132, 144, 145, 147, 166, 130, 143, 142, 149, 147, 144, 144, 149, 141, 147, 146, 134, 137, 147, 139, 140, 143, 146, 149, 144, 140, 156, 144, 153, 148, 139, 153, 136, 141, 146, 137
140, 158, 136, 142, 144, 152, 142, 147, 148, 137, 136, 145, 147, 144, 133, 145, 146, 148, 167, 131, 144, 143, 150, 148, 145, 145, 150, 142, 148, 147, 135, 138, 148, 140, 141, 144, 147, 150, 145, 141, 157, 145, 154, 149, 140, 154, 137, 142, 147, 138
141, 159, 137, 143, 145, 153, 143, 148, 149, 138, 137, 146, 148, 145, 134, 146, 147, 149, 168, 132, 145, 144, 151, 149, 146, 146, 151, 143, 149, 148, 136, 139, 149, 141, 142, 145, 148, 151, 146, 142, 158, 146, 155, 150, 141, 155, 138, 143, 148, 139
142, 160, 138, 144, 146, 154, 144, 149, 150, 139, 138, 147, 149, 146, 135, 147, 148, 150, 169, 133, 146, 145, 152, 150, 147, 147, 152, 144, 150, 149, 137, 140, 150, 142, 143, 146, 149, 152, 147, 143, 159, 147, 156, 151, 142, 156, 139, 144, 149, 140
143, 161, 139, 145, 147, 155, 145, 150, 151, 140, 139, 148, 150, 147, 136, 148, 149, 151, 170, 134, 147, 146, 153, 151, 148, 148, 153, 145, 151, 150, 138, 141, 151, 143, 144, 147, 150, 153, 148, 144, 160, 148, 157, 152, 143, 157, 140, 145, 150, 141
144, 162, 140, 146, 148, 156, 146, 151, 152, 153, 140, 149, 151, 148, 137, 149, 150, 152, 171, 135, 148, 147, 154, 152, 149, 149, 154, 146, 152, 151, 139, 142, 152, 144, 145, 148, 151, 154, 149, 145, 161, 149, 158, 153, 144, 158, 141, 146, 151, 142
145, 163, 141, 147, 149, 157, 147, 152, 153, 154, 141, 150, 152, 149, 138, 150, 151, 153, 172, 136, 149, 148, 155, 153, 150, 150, 155, 155, 153, 152, 140, 143, 153, 145, 146, 149, 152, 155, 150, 146, 162, 150, 159, 154, 145, 159, 142, 147, 152, 143
146, 164, 142, 148, 150, 158, 148, 153, 154, 155, 142, 151, 153, 150, 139, 151, 152, 154, 173, 137, 150, 149, 156, 154, 151, 151, 156, 156, 154, 153, 141, 144, 154, 146, 147, 150, 153, 156, 151, 147, 163, 151, 160, 155, 146, 160, 143, 148, 153, 144
147, 165, 143, 149, 151, 159, 149, 154, 155, 156, 143, 152, 154, 151, 140, 152, 153, 155, 174, 138, 151, 150, 157, 155, 152, 152, 157, 157, 155, 154, 142, 145, 155, 147, 148, 151, 154, 157, 152, 148, 164, 152, 161, 156, 147, 161, 144, 149, 154, 145
148, 166, 144, 150, 152, 160, 150, 155, 156, 157, 144, 153, 155, 152, 141, 153, 154, 156, 175, 139, 152, 151, 158, 162, 153, 153, 158, 158, 156, 155, 143, 146, 156, 148, 149, 152, 155, 158, 156, 149, 165, 153, 162, 157, 148, 162, 145, 150, 155, 146
149, 169, 145, 151, 153, 161, 151, 156, 157, 158, 145, 154, 156, 153, 142, 154, 155, 157, 176, 140, 153, 152, 159, 163, 154, 154, 159, 159, 157, 159, 144, 147, 157, 149, 150, 153, 159, 159, 157, 150, 166, 154, 163, 158, 149, 163, 146, 151, 156, 147
150, 170, 146, 152, 154, 162, 152, 157, 158, 159, 158, 155, 157, 154, 143, 155, 156, 158, 177, 141, 154, 153, 160, 164, 155, 155, 160, 160, 158, 160, 145, 148, 158, 150, 151, 154, 160, 160, 158, 151, 167, 155, 164, 159, 150, 164, 147, 152, 157, 148
151, 171, 147, 153, 155, 163, 153, 158, 159, 160, 159, 156, 158, 155, 144, 156, 157, 159, 178, 142, 155, 154, 161, 165, 156, 156, 161, 161, 159, 161, 146, 149, 159, 151, 152, 155, 161, 161, 159, 152, 168, 156, 165, 160, 151, 165, 148, 153, 158, 149
152, 172, 148, 154, 156, 164, 154, 159, 160, 161, 160, 157, 159, 156, 145, 157, 158, 160, 179, 143, 156, 155, 162, 166, 157, 157, 162, 162, 160, 162, 147, 150, 160, 152, 153, 156, 162, 162, 160, 153, 169, 157, 166, 161, 152, 166, 149, 154, 159, 150
153, 173, 149, 155, 157, 165, 155, 160, 161, 162, 161, 158, 160, 157, 146, 158, 159, 161, 180, 144, 157, 156, 163, 167, 158, 158, 163, 163, 161, 163, 148, 151, 161, 153, 154, 163, 163, 163, 161, 154, 170, 158, 167, 162, 153, 167, 150, 155, 160, 151
160, 174, 150, 156, 158, 166, 156, 161, 162, 163, 162, 159, 161, 158, 147, 159, 160, 162, 181, 145, 158, 157, 164, 168, 159, 159, 164, 164, 162, 164, 149, 152, 162, 154, 155, 164, 164, 164, 162, 155, 171, 159, 168, 163, 154, 168, 151, 156, 161, 152
161, 175, 151, 157, 159, 167, 157, 162, 163, 164, 163, 160, 162, 159, 148, 160, 161, 178, 182, 146, 159, 158, 165, 169, 160, 160, 165, 165, 163, 165, 157, 160, 163, 155, 156, 165, 165, 165, 163, 156, 172, 160, 169, 164, 155, 169, 152, 157, 162, 153
162, 176, 152, 158, 160, 168, 158, 163, 164, 165, 164, 161, 163, 160, 149, 161, 162, 179, 183, 147, 160, 159, 166, 170, 161, 161, 166, 166, 164, 166, 158, 170, 164, 156, 157, 166, 166, 166, 164, 157, 173, 161, 170, 165, 156, 170, 153, 158, 163, 154
163, 177, 153, 159, 161, 169, 159, 164, 165, 166, 165, 162, 164, 161, 150, 162, 163, 180, 184, 148, 161, 160, 167, 171, 162, 162, 167, 167, 165, 167, 159, 171, 165, 157, 158, 167, 167, 167, 165, 158, 174, 162, 171, 166, 168, 171, 154, 159, 164, 155
164, 178, 154, 160, 162, 170, 160, 165, 166, 167, 166, 163, 165, 162, 151, 163, 164, 181, 185, 149, 162, 161, 168, 172, 163, 163, 168, 168, 166, 168, 160, 172, 166, 158, 159, 168, 168, 168, 166, 159, 175, 163, 172, 167, 169, 184, 155, 160, 165, 156
165, 179, 155, 161, 163, 171, 161, 166, 167, 168, 167, 164, 166, 170, 152, 164, 165, 182, 186, 167, 163, 162, 169, 173, 172, 164, 169, 169, 167, 169, 161, 173, 167, 159, 160, 169, 169, 169, 167, 160, 176, 164, 173, 168, 170, 185, 156, 161, 166, 157
166, 180, 156, 162, 164, 172, 162, 167, 168, 169, 168, 165, 167, 171, 153, 165, 166, 183, 187, 168, 164, 163, 170, 174, 173, 165, 170, 170, 168, 170, 162, 174, 168, 160, 161, 170, 170, 170, 168, 161, 177, 165, 174, 169, 171, 186, 157, 162, 167, 158
167, 181, 157, 167, 165, 173, 163, 168, 169, 170, 169, 166, 168, 172, 154, 166, 167, 184, 188, 169, 165, 164, 171, 175, 174, 166, 171, 171, 169, 171, 163, 175, 169, 161, 162, 171, 171, 171, 169, 162, 178, 166, 175, 170, 172, 187, 158, 163, 168, 159
168, 182, 158, 168, 166, 174, 164, 169, 170, 171, 170, 167, 169, 173, 155, 167, 168, 185, 189, 170, 166, 165, 172, 176, 175, 167, 175, 172, 170, 172, 164, 176, 170, 162, 163, 172, 172, 172, 170, 163, 179, 167, 176, 171, 173, 188, 159, 164, 169, 160
169, 183, 159, 169, 167, 175, 165, 170, 171, 172, 171, 168, 170, 174, 156, 168, 169, 186, 190, 171, 167, 166, 173, 177, 176, 168, 176, 173, 171, 173, 165, 177, 171, 163, 164, 173, 173, 173, 171, 164, 180, 168, 177, 172, 174, 189, 160, 165, 170, 161
170, 184, 160, 170, 168, 176, 166, 171, 172, 173, 172, 169, 171, 175, 157, 169, 170, 187, 191, 172, 168, 167, 174, 178, 177, 169, 177, 174, 172, 174, 166, 178, 172, 164, 165, 174, 174, 174, 172, 165, 181, 169, 178, 173, 175, 190, 161, 166, 171, 162
171, 185, 161, 171, 169, 177, 167, 172, 173, 174, 173, 170, 172, 176, 158, 170, 171, 188, 192, 173, 169, 168, 175, 179, 178, 170, 178, 175, 173, 175, 167, 179, 173, 165, 166, 175, 175, 175, 173, 166, 182, 170, 179, 174, 176, 191, 162, 167, 172, 163
172, 186, 162, 172, 170, 178, 168, 173, 174, 175, 174, 171, 173, 177, 159, 171, 172, 189, 193, 174, 170, 169, 176, 180, 179, 171, 179, 176, 174, 176, 168, 180, 174, 166, 167, 176, 176, 176, 174, 167, 183, 171, 180, 175, 177, 192, 163, 168, 173, 164
173, 187, 163, 173, 171, 179, 169, 174, 175, 176, 175, 172, 174, 178, 160, 172, 173, 190, 194, 175, 171, 174, 177, 181, 180, 172, 180, 177, 175, 177, 169, 181, 175, 175, 168, 177, 177, 177, 175, 168, 184, 172, 181, 176, 178, 193, 164, 182, 174, 165
174, 188, 164, 174, 172, 180, 170, 175, 176, 177, 176, 173, 175, 179, 161, 173, 181, 191, 195, 176, 172, 175, 178, 182, 181, 173, 181, 178, 176, 178, 170, 182, 176, 176, 169, 178, 178, 178, 176, 169, 185, 173, 182, 177, 179, 194, 165, 183, 175, 166
175, 189, 165, 175, 173, 181, 171, 176, 177, 178, 177, 174, 176, 180, 162, 174, 196, 192, 196, 177, 173, 176, 179, 183, 182, 174, 182, 179, 177, 179, 171, 183, 177, 177, 170, 179, 179, 179, 177, 184, 186, 174, 183, 178, 180, 195, 166, 184, 176, 167
176, 190, 166, 176, 174, 182, 172, 177, 178, 179, 178, 175, 177, 181, 163, 175, 197, 193, 197, 178, 174, 177, 180, 184, 183, 175, 183, 180, 178, 180, 172, 184, 178, 178, 171, 180, 180, 180, 178, 185, 187, 175, 184, 179, 181, 196, 167, 185, 180, 168
177, 191, 167, 177, 175, 183, 173, 178, 179, 180, 179, 176, 178, 182, 164, 176, 198, 194, 198, 179, 175, 178, 181, 185, 184, 176, 184, 181, 179, 181, 173, 185, 179, 179, 172, 181, 181, 181, 179, 186, 188, 176, 185, 180, 182, 197, 168, 186, 181, 169
178, 192, 168, 178, 176, 184, 174, 179, 180, 181, 180, 177, 179, 183, 165, 177, 199, 195, 199, 180, 176, 179, 182, 186, 185, 177, 185, 182, 180, 182, 174, 186, 180, 180, 173, 182, 182, 182, 180, 187, 189, 177, 186, 181, 183, 198, 172, 187, 182, 170
179, 193, 169, 179, 177, 185, 175, 180, 181, 182, 181, 178, 180, 184, 166, 189, 200, 196, 200, 181, 177, 180, 183, 187, 186, 178, 186, 183, 181, 183, 175, 187, 181, 181, 174, 183, 183, 183, 181, 188, 190, 178, 187, 182, 184, 199, 185, 188, 183, 171
180, 194, 170, 180, 178, 186, 176, 181, 182, 183, 182, 179, 181, 185, 167, 190, 201, 197, 201, 182, 178, 181, 184, 188, 187, 179, 187, 184, 182, 184, 176, 188, 182, 182, 175, 184, 184, 184, 182, 189, 191, 179, 188, 183, 185, 200, 186, 189, 184, 172
185, 195, 171, 181, 179, 187, 177, 182, 183, 184, 183, 180, 182, 186, 168, 191, 202, 198, 202, 183, 179, 182, 185, 189, 188, 180, 188, 185, 183, 185, 177, 189, 195, 183, 176, 185, 185, 185, 183, 190, 192, 180, 189, 184, 186, 201, 187, 190, 185, 173
186, 196, 172, 182, 180, 188, 178, 183, 184, 185, 184, 181, 183, 187, 169, 192, 203, 199, 203, 184, 180, 183, 186, 190, 189, 181, 189, 186, 184, 186, 178, 190, 204, 184, 177, 186, 186, 186, 184, 191, 193, 181, 190, 185, 187, 202, 188, 191, 186, 174
187, 197, 173, 183, 181, 189, 179, 184, 185, 186, 185, 182, 184, 188, 170, 193, 204, 200, 204, 185, 181, 184, 187, 191, 190, 182, 190, 187, 185, 187, 179, 191, 205, 185, 178, 187, 187, 187, 185, 192, 194, 182, 207, 186, 188, 203, 189, 192, 187, 175
188, 198, 174, 184, 182, 190, 180, 185, 186, 187, 186, 183, 185, 189, 181, 194, 205, 201, 205, 186, 182, 185, 188, 192, 191, 183, 191, 188, 186, 188, 190, 192, 206, 186, 179, 188, 188, 188, 186, 193, 195, 183, 215, 187, 189, 204, 190, 193, 188, 176
189, 199, 175, 185, 183, 191, 181, 186, 187, 188, 187, 184, 186, 190, 182, 195, 206, 202, 206, 187, 183, 186, 189, 193, 192, 184, 192, 189, 187, 189, 191, 193, 207, 187, 180, 189, 189, 189, 187, 194, 196, 184, 216, 188, 190, 205, 191, 194, 189, 177
190, 200, 176, 186, 184, 192, 182, 187, 188, 189, 188, 185, 187, 191, 183, 196, 207, 203, 207, 188, 184, 187, 190, 194, 193, 193, 193, 190, 188, 190, 192, 194, 208, 188, 181, 190, 190, 190, 188, 195, 197, 185, 217, 189, 191, 206, 192, 195, 190, 178
191, 201, 177, 187, 185, 193, 183, 188, 189, 190, 189, 186, 188, 192, 184, 197, 208, 204, 208, 189, 185, 188, 191, 195, 194, 194, 194, 191, 189, 191, 193, 195, 209, 189, 182, 191, 191, 191, 189, 196, 198, 186, 218, 190, 192, 207, 193, 196, 191, 179
192, 202, 178, 188, 186, 194, 184, 189, 190, 191, 190, 187, 189, 193, 185, 198, 209, 205, 209, 190, 186, 189, 192, 196, 195, 195, 195, 192, 190, 192, 194, 196, 210, 190, 183, 192, 192, 192, 190, 197, 199, 187, 219, 191, 193, 208, 194, 197, 192, 180
193, 203, 179, 189, 199, 195, 185, 190, 191, 192, 191, 188, 199, 194, 186, 199, 210, 206, 210, 191, 187, 190, 193, 197, 196, 196, 196, 193, 191, 193, 195, 197, 211, 191, 184, 193, 206, 193, 191, 198, 200, 193, 220, 192, 194, 209, 195, 198, 193, 181
194, 204, 180, 190, 200, 196, 186, 201, 192, 193, 192, 189, 200, 195, 187, 200, 211, 207, 211, 192, 202, 191, 194, 198, 197, 197, 197, 194, 192, 194, 196, 198, 212, 192, 185, 194, 207, 194, 192, 199, 201, 199, 221, 193, 195, 210, 196, 199, 194, 182
195, 205, 181, 191, 201, 197, 187, 202, 193, 194, 193, 190, 201, 196, 188, 201, 212, 208, 212, 193, 203, 192, 195, 199, 198, 198, 198, 195, 193, 195, 197, 199, 213, 193, 186, 195, 208, 195, 193, 200, 202, 200, 222, 194, 196, 211, 197, 200, 195, 183
196, 206, 182, 192, 202, 198, 188, 203, 194, 195, 194, 191, 202, 197, 189, 202, 213, 209, 213, 194, 204, 193, 196, 200, 199, 199, 199, 196, 194, 196, 198, 200, 214, 194, 187, 196, 209, 196, 194, 201, 203, 201, 223, 195, 197, 212, 198, 201, 196, 184
197, 207, 183, 193, 203, 199, 189, 204, 195, 196, 195, 192, 203, 198, 190, 203, 214, 210, 214, 195, 205, 194, 197, 201, 200, 200, 200, 197, 195, 197, 199, 201, 215, 195, 188, 197, 210, 197, 195, 202, 204, 202, 224, 196, 198, 213, 199, 202, 197, 185
198, 208, 184, 194, 204, 200, 190, 205, 196, 197, 196, 193, 204, 199, 191, 204, 215, 211, 215, 196, 206, 195, 198, 202, 201, 201, 201, 198, 196, 198, 200, 202, 216, 196, 189, 198, 211, 198, 196, 203, 205, 203, 225, 197, 199, 214, 200, 203, 198, 186
199, 209, 185, 195, 205, 201, 191, 206, 197, 198, 197, 194, 205, 200, 192, 205, 216, 212, 216, 197, 207, 196, 199, 203, 213, 202, 202, 199, 197, 199, 201, 203, 217, 197, 190, 199, 212, 199, 197, 204, 206, 204, 226, 198, 200, 215, 201, 204, 199, 187
200, 210, 195, 196, 206, 202, 192, 207, 198, 199, 198, 195, 206, 201, 193, 206, 217, 213, 217, 198, 208, 197, 200, 204, 214, 203, 203, 200, 198, 200, 202, 204, 218, 198, 191, 200, 213, 200, 198, 205, 207, 205, 227, 199, 201, 216, 202, 205, 200, 188
201, 211, 196, 201, 207, 203, 193, 208, 199, 200, 199, 196, 207, 202, 194, 207, 218, 214, 218, 199, 209, 198, 201, 205, 215, 204, 204, 201, 199, 201, 203, 205, 219, 199, 192, 201, 214, 201, 199, 206, 208, 206, 228, 200, 202, 217, 203, 206, 201, 189
202, 212, 197, 202, 208, 204, 194, 209, 200, 201, 200, 197, 208, 203, 195, 208, 219, 215, 219, 200, 210, 199, 202, 206, 216, 205, 205, 202, 200, 202, 204, 206, 220, 200, 193, 202, 215, 208, 200, 207, 209, 207, 229, 201, 203, 218, 204, 207, 202, 190
203, 213, 198, 203, 209, 205, 195, 210, 201, 202, 201, 198, 209, 204, 196, 209, 220, 216, 220, 201, 211, 200, 203, 207, 217, 206, 206, 203, 201, 203, 205, 207, 221, 201, 194, 203, 216, 209, 201, 208, 221, 208, 230, 202, 204, 219, 205, 208, 203, 191
204, 214, 199, 204, 210, 206, 196, 211, 202, 203, 202, 199, 210, 205, 197, 210, 221, 217, 221, 202, 212, 201, 204, 208, 218, 207, 207, 204, 202, 204, 206, 208, 222, 202, 195, 204, 217, 210, 202, 209, 222, 209, 231, 203, 205, 220, 206, 209, 210, 192
205, 215, 200, 205, 211, 207, 197, 212, 203, 204, 203, 200, 211, 206, 198, 211, 222, 218, 222, 203, 213, 202, 205, 209, 219, 208, 219, 205, 203, 205, 207, 209, 223, 203, 196, 205, 218, 211, 203, 210, 223, 210, 232, 204, 206, 221, 207, 210, 211, 193
206, 216, 201, 206, 212, 208, 198, 213, 204, 205, 204, 201, 212, 207, 199, 212, 223, 219, 223, 204, 214, 203, 206, 210, 220, 209, 223, 206, 204, 206, 208, 210, 224, 204, 197, 206, 219, 212, 204, 211, 224, 211, 233, 205, 207, 222, 208, 211, 212, 194
207, 217, 202, 207, 213, 209, 214, 214, 205, 206, 205, 202, 213, 208, 200, 213, 224, 220, 224, 205, 215, 204, 207, 211, 221, 210, 224, 207, 217, 207, 209, 211, 225, 205, 198, 207, 220, 213, 205, 212, 225, 212, 234, 206, 208, 223, 209, 212, 213, 205
208, 218, 203, 208, 214, 210, 215, 215, 206, 207, 211, 203, 214, 209, 201, 214, 225, 221, 225, 206, 216, 205, 208, 212, 222, 211, 225, 208, 218, 208, 210, 212, 226, 206, 199, 208, 221, 214, 210, 213, 226, 213, 235, 207, 209, 224, 210, 213, 214, 206
209, 219, 204, 209, 215, 211, 216, 216, 207, 208, 212, 204, 215, 210, 202, 215, 226, 222, 226, 207, 217, 206, 209, 213, 223, 212, 226, 209, 219, 209, 211, 213, 227, 207, 200, 209, 222, 215, 211, 214, 227, 214, 236, 208, 219, 225, 211, 214, 215, 207
210, 220, 205, 210, 216, 212, 217, 217, 208, 209, 213, 205, 216, 211, 203, 216, 227, 223, 227, 208, 218, 207, 219, 214, 224, 213, 227, 214, 220, 210, 212, 214, 228, 208, 201, 210, 223, 216, 212, 215, 228, 215, 237, 209, 220, 226, 212, 215, 216, 208
211, 221, 206, 211, 217, 213, 218, 218, 209, 210, 214, 206, 217, 212, 204, 217, 228, 224, 228, 209, 219, 208, 220, 215, 225, 214, 228, 215, 221, 218, 213, 215, 229, 209, 206, 211, 224, 222, 213, 216, 229, 216, 238, 210, 221, 227, 213, 216, 217, 209
212, 222, 207, 212, 218, 214, 219, 219, 210, 211, 215, 207, 218, 213, 205, 218, 229, 225, 229, 210, 220, 209, 221, 216, 226, 215, 229, 216, 222, 219, 214, 216, 230, 210, 207, 212, 225, 223, 214, 217, 230, 217, 239, 211, 222, 228, 214, 217, 218, 210
213, 223, 208, 213, 219, 215, 220, 220, 211, 212, 216, 208, 219, 214, 206, 219, 230, 226, 230, 211, 221, 210, 222, 217, 227, 216, 230, 217, 223, 220, 215, 217, 231, 211, 208, 213, 226, 224, 215, 218, 231, 218, 240, 235, 223, 229, 215, 218, 219, 211
214, 224, 209, 214, 220, 216, 221, 221, 212, 213, 217, 209, 220, 215, 207, 220, 231, 227, 231, 212, 222, 211, 223, 218, 228, 217, 231, 218, 224, 221, 216, 218, 232, 212, 209, 214, 227, 225, 216, 219, 232, 219, 241, 236, 224, 230, 216, 219, 220, 212
215, 236, 210, 215, 221, 217, 222, 222, 213, 214, 218, 210, 221, 216, 208, 221, 232, 228, 232, 213, 223, 212, 224, 219, 229, 218, 232, 219, 225, 222, 217, 219, 233, 213, 210, 215, 228, 226, 217, 220, 233, 220, 242, 237, 225, 231, 217, 220, 221, 213
216, 237, 211, 216, 222, 218, 223, 223, 214, 215, 219, 211, 224, 217, 209, 222, 233, 229, 233, 214, 224, 213, 225, 220, 234, 219, 233, 220, 226, 223, 218, 220, 234, 214, 211, 216, 229, 227, 218, 221, 234, 221, 243, 238, 226, 232, 218, 221, 222, 214
217, 238, 212, 217, 223, 219, 224, 224, 215, 216, 220, 212, 225, 218, 210, 223, 234, 230, 234, 215, 225, 214, 226, 221, 235, 220, 234, 221, 227, 224, 219, 221, 235, 215, 212, 217, 230, 228, 219, 222, 235, 222, 244, 239, 227, 233, 219, 222, 223, 215
218, 239, 213, 218, 224, 220, 225, 225, 216, 217, 221, 213, 226, 219, 221, 224, 235, 231, 235, 216, 226, 215, 227, 222, 236, 221, 235, 222, 228, 225, 220, 222, 236, 216, 213, 218, 231, 229, 220, 223, 236, 223, 245, 240, 228, 234, 220, 223, 224, 216
219, 240, 214, 219, 225, 221, 226, 226, 217, 218, 222, 214, 227, 220, 222, 225, 236, 232, 236, 217, 227, 216, 228, 223, 237, 222, 236, 223, 229, 226, 221, 223, 237, 217, 214, 219, 232, 230, 221, 224, 237, 224, 246, 241, 229, 235, 221, 224, 225, 217
220, 241, 215, 220, 226, 222, 227, 227, 218, 219, 223, 215, 228, 221, 223, 226, 237, 233, 237, 218, 228, 217, 229, 224, 238, 223, 237, 224, 230, 227, 222, 224, 238, 218, 215, 220, 233, 231, 222, 225, 238, 225, 247, 242, 230, 236, 222, 225, 226, 218
221, 242, 216, 221, 227, 223, 228, 228, 219, 232, 224, 216, 229, 222, 224, 227, 238, 234, 242, 219, 229, 218, 230, 225, 239, 224, 238, 225, 231, 228, 223, 225, 239, 219, 216, 221, 234, 232, 223, 226, 239, 226, 248, 243, 231, 237, 223, 226, 227, 219
222, 243, 217, 222, 228, 231, 229, 229, 220, 233, 225, 217, 230, 223, 225, 228, 239, 235, 243, 220, 230, 219, 231, 226, 240, 225, 239, 226, 232, 229, 232, 226, 240, 220, 217, 222, 235, 233, 224, 227, 240, 227, 249, 244, 232, 238, 224, 227, 228, 220
223, 244, 218, 223, 229, 232, 230, 230, 221, 234, 226, 218, 231, 224, 226, 229, 240, 236, 244, 221, 231, 220, 232, 227, 241, 226, 240, 227, 233, 230, 233, 227, 241, 221, 218, 223, 236, 234, 225, 228, 241, 228, 250, 245, 233, 239, 225, 228, 229, 221
224, 245, 219, 224, 230, 233, 231, 231, 222, 235, 227, 219, 232, 225, 227, 230, 241, 237, 245, 222, 232, 221, 233, 228, 242, 235, 241, 228, 234, 231, 234, 228, 242, 222, 219, 224, 237, 235, 226, 229, 242, 229, 251, 246, 234, 240, 226, 229, 230, 222
225, 246, 220, 225, 236, 234, 232, 232, 223, 236, 228, 220, 233, 226, 228, 231, 242, 238, 246, 223, 233, 222, 234, 229, 243, 236, 242, 229, 235, 232, 235, 229, 243, 223, 220, 225, 238, 236, 227, 230, 243, 235, 252, 247, 235, 241, 227, 230, 231, 223
226, 247, 221, 226, 237, 235, 233, 233, 224, 237, 229, 221, 234, 227, 229, 232, 243, 239, 247, 224, 234, 223, 235, 230, 244, 237, 243, 230, 236, 233, 236, 230, 244, 224, 221, 226, 239, 237, 228, 235, 244, 236, 253, 248, 236, 242, 228, 231, 232, 224
227, 248, 222, 227, 238, 236, 234, 234, 225, 238, 230, 222, 235, 232, 230, 233, 244, 240, 248, 225, 235, 224, 236, 245, 245, 238, 244, 231, 237, 234, 237, 248, 245, 225, 222, 227, 240, 238, 229, 236, 245, 237, 254, 249, 237, 243, 229, 232, 233, 225
228, 249, 223, 228, 239, 237, 235, 235, 226, 239, 231, 223, 236, 233, 231, 237, 245, 241, 249, 226, 236, 225, 237, 246, 246, 239, 245, 232, 238, 235, 238, 249, 246, 226, 223, 228, 241, 239, 230, 237, 246, 238, 255, 250, 238, 244, 230, 233, 234, 226
